subset	class_name	label	filename	class_relative_path	dataset_relative_path
train	agricultural	0	agricultural01.tif	agricultural/agricultural01.tif	UCM_20/train/agricultural/agricultural01.tif
train	agricultural	0	agricultural09.tif	agricultural/agricultural09.tif	UCM_20/train/agricultural/agricultural09.tif
train	agricultural	0	agricultural10.tif	agricultural/agricultural10.tif	UCM_20/train/agricultural/agricultural10.tif
train	agricultural	0	agricultural15.tif	agricultural/agricultural15.tif	UCM_20/train/agricultural/agricultural15.tif
train	agricultural	0	agricultural37.tif	agricultural/agricultural37.tif	UCM_20/train/agricultural/agricultural37.tif
train	agricultural	0	agricultural41.tif	agricultural/agricultural41.tif	UCM_20/train/agricultural/agricultural41.tif
train	agricultural	0	agricultural42.tif	agricultural/agricultural42.tif	UCM_20/train/agricultural/agricultural42.tif
train	agricultural	0	agricultural45.tif	agricultural/agricultural45.tif	UCM_20/train/agricultural/agricultural45.tif
train	agricultural	0	agricultural48.tif	agricultural/agricultural48.tif	UCM_20/train/agricultural/agricultural48.tif
train	agricultural	0	agricultural50.tif	agricultural/agricultural50.tif	UCM_20/train/agricultural/agricultural50.tif
train	agricultural	0	agricultural55.tif	agricultural/agricultural55.tif	UCM_20/train/agricultural/agricultural55.tif
train	agricultural	0	agricultural56.tif	agricultural/agricultural56.tif	UCM_20/train/agricultural/agricultural56.tif
train	agricultural	0	agricultural65.tif	agricultural/agricultural65.tif	UCM_20/train/agricultural/agricultural65.tif
train	agricultural	0	agricultural70.tif	agricultural/agricultural70.tif	UCM_20/train/agricultural/agricultural70.tif
train	agricultural	0	agricultural72.tif	agricultural/agricultural72.tif	UCM_20/train/agricultural/agricultural72.tif
train	agricultural	0	agricultural73.tif	agricultural/agricultural73.tif	UCM_20/train/agricultural/agricultural73.tif
train	agricultural	0	agricultural76.tif	agricultural/agricultural76.tif	UCM_20/train/agricultural/agricultural76.tif
train	agricultural	0	agricultural78.tif	agricultural/agricultural78.tif	UCM_20/train/agricultural/agricultural78.tif
train	agricultural	0	agricultural91.tif	agricultural/agricultural91.tif	UCM_20/train/agricultural/agricultural91.tif
train	agricultural	0	agricultural92.tif	agricultural/agricultural92.tif	UCM_20/train/agricultural/agricultural92.tif
train	airplane	1	airplane01.tif	airplane/airplane01.tif	UCM_20/train/airplane/airplane01.tif
train	airplane	1	airplane09.tif	airplane/airplane09.tif	UCM_20/train/airplane/airplane09.tif
train	airplane	1	airplane10.tif	airplane/airplane10.tif	UCM_20/train/airplane/airplane10.tif
train	airplane	1	airplane15.tif	airplane/airplane15.tif	UCM_20/train/airplane/airplane15.tif
train	airplane	1	airplane37.tif	airplane/airplane37.tif	UCM_20/train/airplane/airplane37.tif
train	airplane	1	airplane41.tif	airplane/airplane41.tif	UCM_20/train/airplane/airplane41.tif
train	airplane	1	airplane42.tif	airplane/airplane42.tif	UCM_20/train/airplane/airplane42.tif
train	airplane	1	airplane45.tif	airplane/airplane45.tif	UCM_20/train/airplane/airplane45.tif
train	airplane	1	airplane48.tif	airplane/airplane48.tif	UCM_20/train/airplane/airplane48.tif
train	airplane	1	airplane50.tif	airplane/airplane50.tif	UCM_20/train/airplane/airplane50.tif
train	airplane	1	airplane55.tif	airplane/airplane55.tif	UCM_20/train/airplane/airplane55.tif
train	airplane	1	airplane56.tif	airplane/airplane56.tif	UCM_20/train/airplane/airplane56.tif
train	airplane	1	airplane65.tif	airplane/airplane65.tif	UCM_20/train/airplane/airplane65.tif
train	airplane	1	airplane70.tif	airplane/airplane70.tif	UCM_20/train/airplane/airplane70.tif
train	airplane	1	airplane72.tif	airplane/airplane72.tif	UCM_20/train/airplane/airplane72.tif
train	airplane	1	airplane73.tif	airplane/airplane73.tif	UCM_20/train/airplane/airplane73.tif
train	airplane	1	airplane76.tif	airplane/airplane76.tif	UCM_20/train/airplane/airplane76.tif
train	airplane	1	airplane78.tif	airplane/airplane78.tif	UCM_20/train/airplane/airplane78.tif
train	airplane	1	airplane91.tif	airplane/airplane91.tif	UCM_20/train/airplane/airplane91.tif
train	airplane	1	airplane92.tif	airplane/airplane92.tif	UCM_20/train/airplane/airplane92.tif
train	baseballdiamond	2	baseballdiamond01.tif	baseballdiamond/baseballdiamond01.tif	UCM_20/train/baseballdiamond/baseballdiamond01.tif
train	baseballdiamond	2	baseballdiamond09.tif	baseballdiamond/baseballdiamond09.tif	UCM_20/train/baseballdiamond/baseballdiamond09.tif
train	baseballdiamond	2	baseballdiamond10.tif	baseballdiamond/baseballdiamond10.tif	UCM_20/train/baseballdiamond/baseballdiamond10.tif
train	baseballdiamond	2	baseballdiamond15.tif	baseballdiamond/baseballdiamond15.tif	UCM_20/train/baseballdiamond/baseballdiamond15.tif
train	baseballdiamond	2	baseballdiamond37.tif	baseballdiamond/baseballdiamond37.tif	UCM_20/train/baseballdiamond/baseballdiamond37.tif
train	baseballdiamond	2	baseballdiamond41.tif	baseballdiamond/baseballdiamond41.tif	UCM_20/train/baseballdiamond/baseballdiamond41.tif
train	baseballdiamond	2	baseballdiamond42.tif	baseballdiamond/baseballdiamond42.tif	UCM_20/train/baseballdiamond/baseballdiamond42.tif
train	baseballdiamond	2	baseballdiamond45.tif	baseballdiamond/baseballdiamond45.tif	UCM_20/train/baseballdiamond/baseballdiamond45.tif
train	baseballdiamond	2	baseballdiamond48.tif	baseballdiamond/baseballdiamond48.tif	UCM_20/train/baseballdiamond/baseballdiamond48.tif
train	baseballdiamond	2	baseballdiamond50.tif	baseballdiamond/baseballdiamond50.tif	UCM_20/train/baseballdiamond/baseballdiamond50.tif
train	baseballdiamond	2	baseballdiamond55.tif	baseballdiamond/baseballdiamond55.tif	UCM_20/train/baseballdiamond/baseballdiamond55.tif
train	baseballdiamond	2	baseballdiamond56.tif	baseballdiamond/baseballdiamond56.tif	UCM_20/train/baseballdiamond/baseballdiamond56.tif
train	baseballdiamond	2	baseballdiamond65.tif	baseballdiamond/baseballdiamond65.tif	UCM_20/train/baseballdiamond/baseballdiamond65.tif
train	baseballdiamond	2	baseballdiamond70.tif	baseballdiamond/baseballdiamond70.tif	UCM_20/train/baseballdiamond/baseballdiamond70.tif
train	baseballdiamond	2	baseballdiamond72.tif	baseballdiamond/baseballdiamond72.tif	UCM_20/train/baseballdiamond/baseballdiamond72.tif
train	baseballdiamond	2	baseballdiamond73.tif	baseballdiamond/baseballdiamond73.tif	UCM_20/train/baseballdiamond/baseballdiamond73.tif
train	baseballdiamond	2	baseballdiamond76.tif	baseballdiamond/baseballdiamond76.tif	UCM_20/train/baseballdiamond/baseballdiamond76.tif
train	baseballdiamond	2	baseballdiamond78.tif	baseballdiamond/baseballdiamond78.tif	UCM_20/train/baseballdiamond/baseballdiamond78.tif
train	baseballdiamond	2	baseballdiamond91.tif	baseballdiamond/baseballdiamond91.tif	UCM_20/train/baseballdiamond/baseballdiamond91.tif
train	baseballdiamond	2	baseballdiamond92.tif	baseballdiamond/baseballdiamond92.tif	UCM_20/train/baseballdiamond/baseballdiamond92.tif
train	beach	3	beach01.tif	beach/beach01.tif	UCM_20/train/beach/beach01.tif
train	beach	3	beach09.tif	beach/beach09.tif	UCM_20/train/beach/beach09.tif
train	beach	3	beach10.tif	beach/beach10.tif	UCM_20/train/beach/beach10.tif
train	beach	3	beach15.tif	beach/beach15.tif	UCM_20/train/beach/beach15.tif
train	beach	3	beach37.tif	beach/beach37.tif	UCM_20/train/beach/beach37.tif
train	beach	3	beach41.tif	beach/beach41.tif	UCM_20/train/beach/beach41.tif
train	beach	3	beach42.tif	beach/beach42.tif	UCM_20/train/beach/beach42.tif
train	beach	3	beach45.tif	beach/beach45.tif	UCM_20/train/beach/beach45.tif
train	beach	3	beach48.tif	beach/beach48.tif	UCM_20/train/beach/beach48.tif
train	beach	3	beach50.tif	beach/beach50.tif	UCM_20/train/beach/beach50.tif
train	beach	3	beach55.tif	beach/beach55.tif	UCM_20/train/beach/beach55.tif
train	beach	3	beach56.tif	beach/beach56.tif	UCM_20/train/beach/beach56.tif
train	beach	3	beach65.tif	beach/beach65.tif	UCM_20/train/beach/beach65.tif
train	beach	3	beach70.tif	beach/beach70.tif	UCM_20/train/beach/beach70.tif
train	beach	3	beach72.tif	beach/beach72.tif	UCM_20/train/beach/beach72.tif
train	beach	3	beach73.tif	beach/beach73.tif	UCM_20/train/beach/beach73.tif
train	beach	3	beach76.tif	beach/beach76.tif	UCM_20/train/beach/beach76.tif
train	beach	3	beach78.tif	beach/beach78.tif	UCM_20/train/beach/beach78.tif
train	beach	3	beach91.tif	beach/beach91.tif	UCM_20/train/beach/beach91.tif
train	beach	3	beach92.tif	beach/beach92.tif	UCM_20/train/beach/beach92.tif
train	buildings	4	buildings01.tif	buildings/buildings01.tif	UCM_20/train/buildings/buildings01.tif
train	buildings	4	buildings09.tif	buildings/buildings09.tif	UCM_20/train/buildings/buildings09.tif
train	buildings	4	buildings10.tif	buildings/buildings10.tif	UCM_20/train/buildings/buildings10.tif
train	buildings	4	buildings15.tif	buildings/buildings15.tif	UCM_20/train/buildings/buildings15.tif
train	buildings	4	buildings37.tif	buildings/buildings37.tif	UCM_20/train/buildings/buildings37.tif
train	buildings	4	buildings41.tif	buildings/buildings41.tif	UCM_20/train/buildings/buildings41.tif
train	buildings	4	buildings42.tif	buildings/buildings42.tif	UCM_20/train/buildings/buildings42.tif
train	buildings	4	buildings45.tif	buildings/buildings45.tif	UCM_20/train/buildings/buildings45.tif
train	buildings	4	buildings48.tif	buildings/buildings48.tif	UCM_20/train/buildings/buildings48.tif
train	buildings	4	buildings50.tif	buildings/buildings50.tif	UCM_20/train/buildings/buildings50.tif
train	buildings	4	buildings55.tif	buildings/buildings55.tif	UCM_20/train/buildings/buildings55.tif
train	buildings	4	buildings56.tif	buildings/buildings56.tif	UCM_20/train/buildings/buildings56.tif
train	buildings	4	buildings65.tif	buildings/buildings65.tif	UCM_20/train/buildings/buildings65.tif
train	buildings	4	buildings70.tif	buildings/buildings70.tif	UCM_20/train/buildings/buildings70.tif
train	buildings	4	buildings72.tif	buildings/buildings72.tif	UCM_20/train/buildings/buildings72.tif
train	buildings	4	buildings73.tif	buildings/buildings73.tif	UCM_20/train/buildings/buildings73.tif
train	buildings	4	buildings76.tif	buildings/buildings76.tif	UCM_20/train/buildings/buildings76.tif
train	buildings	4	buildings78.tif	buildings/buildings78.tif	UCM_20/train/buildings/buildings78.tif
train	buildings	4	buildings91.tif	buildings/buildings91.tif	UCM_20/train/buildings/buildings91.tif
train	buildings	4	buildings92.tif	buildings/buildings92.tif	UCM_20/train/buildings/buildings92.tif
train	chaparral	5	chaparral01.tif	chaparral/chaparral01.tif	UCM_20/train/chaparral/chaparral01.tif
train	chaparral	5	chaparral09.tif	chaparral/chaparral09.tif	UCM_20/train/chaparral/chaparral09.tif
train	chaparral	5	chaparral10.tif	chaparral/chaparral10.tif	UCM_20/train/chaparral/chaparral10.tif
train	chaparral	5	chaparral15.tif	chaparral/chaparral15.tif	UCM_20/train/chaparral/chaparral15.tif
train	chaparral	5	chaparral37.tif	chaparral/chaparral37.tif	UCM_20/train/chaparral/chaparral37.tif
train	chaparral	5	chaparral41.tif	chaparral/chaparral41.tif	UCM_20/train/chaparral/chaparral41.tif
train	chaparral	5	chaparral42.tif	chaparral/chaparral42.tif	UCM_20/train/chaparral/chaparral42.tif
train	chaparral	5	chaparral45.tif	chaparral/chaparral45.tif	UCM_20/train/chaparral/chaparral45.tif
train	chaparral	5	chaparral48.tif	chaparral/chaparral48.tif	UCM_20/train/chaparral/chaparral48.tif
train	chaparral	5	chaparral50.tif	chaparral/chaparral50.tif	UCM_20/train/chaparral/chaparral50.tif
train	chaparral	5	chaparral55.tif	chaparral/chaparral55.tif	UCM_20/train/chaparral/chaparral55.tif
train	chaparral	5	chaparral56.tif	chaparral/chaparral56.tif	UCM_20/train/chaparral/chaparral56.tif
train	chaparral	5	chaparral65.tif	chaparral/chaparral65.tif	UCM_20/train/chaparral/chaparral65.tif
train	chaparral	5	chaparral70.tif	chaparral/chaparral70.tif	UCM_20/train/chaparral/chaparral70.tif
train	chaparral	5	chaparral72.tif	chaparral/chaparral72.tif	UCM_20/train/chaparral/chaparral72.tif
train	chaparral	5	chaparral73.tif	chaparral/chaparral73.tif	UCM_20/train/chaparral/chaparral73.tif
train	chaparral	5	chaparral76.tif	chaparral/chaparral76.tif	UCM_20/train/chaparral/chaparral76.tif
train	chaparral	5	chaparral78.tif	chaparral/chaparral78.tif	UCM_20/train/chaparral/chaparral78.tif
train	chaparral	5	chaparral91.tif	chaparral/chaparral91.tif	UCM_20/train/chaparral/chaparral91.tif
train	chaparral	5	chaparral92.tif	chaparral/chaparral92.tif	UCM_20/train/chaparral/chaparral92.tif
train	denseresidential	6	denseresidential01.tif	denseresidential/denseresidential01.tif	UCM_20/train/denseresidential/denseresidential01.tif
train	denseresidential	6	denseresidential09.tif	denseresidential/denseresidential09.tif	UCM_20/train/denseresidential/denseresidential09.tif
train	denseresidential	6	denseresidential10.tif	denseresidential/denseresidential10.tif	UCM_20/train/denseresidential/denseresidential10.tif
train	denseresidential	6	denseresidential15.tif	denseresidential/denseresidential15.tif	UCM_20/train/denseresidential/denseresidential15.tif
train	denseresidential	6	denseresidential37.tif	denseresidential/denseresidential37.tif	UCM_20/train/denseresidential/denseresidential37.tif
train	denseresidential	6	denseresidential41.tif	denseresidential/denseresidential41.tif	UCM_20/train/denseresidential/denseresidential41.tif
train	denseresidential	6	denseresidential42.tif	denseresidential/denseresidential42.tif	UCM_20/train/denseresidential/denseresidential42.tif
train	denseresidential	6	denseresidential45.tif	denseresidential/denseresidential45.tif	UCM_20/train/denseresidential/denseresidential45.tif
train	denseresidential	6	denseresidential48.tif	denseresidential/denseresidential48.tif	UCM_20/train/denseresidential/denseresidential48.tif
train	denseresidential	6	denseresidential50.tif	denseresidential/denseresidential50.tif	UCM_20/train/denseresidential/denseresidential50.tif
train	denseresidential	6	denseresidential55.tif	denseresidential/denseresidential55.tif	UCM_20/train/denseresidential/denseresidential55.tif
train	denseresidential	6	denseresidential56.tif	denseresidential/denseresidential56.tif	UCM_20/train/denseresidential/denseresidential56.tif
train	denseresidential	6	denseresidential65.tif	denseresidential/denseresidential65.tif	UCM_20/train/denseresidential/denseresidential65.tif
train	denseresidential	6	denseresidential70.tif	denseresidential/denseresidential70.tif	UCM_20/train/denseresidential/denseresidential70.tif
train	denseresidential	6	denseresidential72.tif	denseresidential/denseresidential72.tif	UCM_20/train/denseresidential/denseresidential72.tif
train	denseresidential	6	denseresidential73.tif	denseresidential/denseresidential73.tif	UCM_20/train/denseresidential/denseresidential73.tif
train	denseresidential	6	denseresidential76.tif	denseresidential/denseresidential76.tif	UCM_20/train/denseresidential/denseresidential76.tif
train	denseresidential	6	denseresidential78.tif	denseresidential/denseresidential78.tif	UCM_20/train/denseresidential/denseresidential78.tif
train	denseresidential	6	denseresidential91.tif	denseresidential/denseresidential91.tif	UCM_20/train/denseresidential/denseresidential91.tif
train	denseresidential	6	denseresidential92.tif	denseresidential/denseresidential92.tif	UCM_20/train/denseresidential/denseresidential92.tif
train	forest	7	forest01.tif	forest/forest01.tif	UCM_20/train/forest/forest01.tif
train	forest	7	forest09.tif	forest/forest09.tif	UCM_20/train/forest/forest09.tif
train	forest	7	forest10.tif	forest/forest10.tif	UCM_20/train/forest/forest10.tif
train	forest	7	forest15.tif	forest/forest15.tif	UCM_20/train/forest/forest15.tif
train	forest	7	forest37.tif	forest/forest37.tif	UCM_20/train/forest/forest37.tif
train	forest	7	forest41.tif	forest/forest41.tif	UCM_20/train/forest/forest41.tif
train	forest	7	forest42.tif	forest/forest42.tif	UCM_20/train/forest/forest42.tif
train	forest	7	forest45.tif	forest/forest45.tif	UCM_20/train/forest/forest45.tif
train	forest	7	forest48.tif	forest/forest48.tif	UCM_20/train/forest/forest48.tif
train	forest	7	forest50.tif	forest/forest50.tif	UCM_20/train/forest/forest50.tif
train	forest	7	forest55.tif	forest/forest55.tif	UCM_20/train/forest/forest55.tif
train	forest	7	forest56.tif	forest/forest56.tif	UCM_20/train/forest/forest56.tif
train	forest	7	forest65.tif	forest/forest65.tif	UCM_20/train/forest/forest65.tif
train	forest	7	forest70.tif	forest/forest70.tif	UCM_20/train/forest/forest70.tif
train	forest	7	forest72.tif	forest/forest72.tif	UCM_20/train/forest/forest72.tif
train	forest	7	forest73.tif	forest/forest73.tif	UCM_20/train/forest/forest73.tif
train	forest	7	forest76.tif	forest/forest76.tif	UCM_20/train/forest/forest76.tif
train	forest	7	forest78.tif	forest/forest78.tif	UCM_20/train/forest/forest78.tif
train	forest	7	forest91.tif	forest/forest91.tif	UCM_20/train/forest/forest91.tif
train	forest	7	forest92.tif	forest/forest92.tif	UCM_20/train/forest/forest92.tif
train	freeway	8	freeway01.tif	freeway/freeway01.tif	UCM_20/train/freeway/freeway01.tif
train	freeway	8	freeway09.tif	freeway/freeway09.tif	UCM_20/train/freeway/freeway09.tif
train	freeway	8	freeway10.tif	freeway/freeway10.tif	UCM_20/train/freeway/freeway10.tif
train	freeway	8	freeway15.tif	freeway/freeway15.tif	UCM_20/train/freeway/freeway15.tif
train	freeway	8	freeway37.tif	freeway/freeway37.tif	UCM_20/train/freeway/freeway37.tif
train	freeway	8	freeway41.tif	freeway/freeway41.tif	UCM_20/train/freeway/freeway41.tif
train	freeway	8	freeway42.tif	freeway/freeway42.tif	UCM_20/train/freeway/freeway42.tif
train	freeway	8	freeway45.tif	freeway/freeway45.tif	UCM_20/train/freeway/freeway45.tif
train	freeway	8	freeway48.tif	freeway/freeway48.tif	UCM_20/train/freeway/freeway48.tif
train	freeway	8	freeway50.tif	freeway/freeway50.tif	UCM_20/train/freeway/freeway50.tif
train	freeway	8	freeway55.tif	freeway/freeway55.tif	UCM_20/train/freeway/freeway55.tif
train	freeway	8	freeway56.tif	freeway/freeway56.tif	UCM_20/train/freeway/freeway56.tif
train	freeway	8	freeway65.tif	freeway/freeway65.tif	UCM_20/train/freeway/freeway65.tif
train	freeway	8	freeway70.tif	freeway/freeway70.tif	UCM_20/train/freeway/freeway70.tif
train	freeway	8	freeway72.tif	freeway/freeway72.tif	UCM_20/train/freeway/freeway72.tif
train	freeway	8	freeway73.tif	freeway/freeway73.tif	UCM_20/train/freeway/freeway73.tif
train	freeway	8	freeway76.tif	freeway/freeway76.tif	UCM_20/train/freeway/freeway76.tif
train	freeway	8	freeway78.tif	freeway/freeway78.tif	UCM_20/train/freeway/freeway78.tif
train	freeway	8	freeway91.tif	freeway/freeway91.tif	UCM_20/train/freeway/freeway91.tif
train	freeway	8	freeway92.tif	freeway/freeway92.tif	UCM_20/train/freeway/freeway92.tif
train	golfcourse	9	golfcourse01.tif	golfcourse/golfcourse01.tif	UCM_20/train/golfcourse/golfcourse01.tif
train	golfcourse	9	golfcourse09.tif	golfcourse/golfcourse09.tif	UCM_20/train/golfcourse/golfcourse09.tif
train	golfcourse	9	golfcourse10.tif	golfcourse/golfcourse10.tif	UCM_20/train/golfcourse/golfcourse10.tif
train	golfcourse	9	golfcourse15.tif	golfcourse/golfcourse15.tif	UCM_20/train/golfcourse/golfcourse15.tif
train	golfcourse	9	golfcourse37.tif	golfcourse/golfcourse37.tif	UCM_20/train/golfcourse/golfcourse37.tif
train	golfcourse	9	golfcourse41.tif	golfcourse/golfcourse41.tif	UCM_20/train/golfcourse/golfcourse41.tif
train	golfcourse	9	golfcourse42.tif	golfcourse/golfcourse42.tif	UCM_20/train/golfcourse/golfcourse42.tif
train	golfcourse	9	golfcourse45.tif	golfcourse/golfcourse45.tif	UCM_20/train/golfcourse/golfcourse45.tif
train	golfcourse	9	golfcourse48.tif	golfcourse/golfcourse48.tif	UCM_20/train/golfcourse/golfcourse48.tif
train	golfcourse	9	golfcourse50.tif	golfcourse/golfcourse50.tif	UCM_20/train/golfcourse/golfcourse50.tif
train	golfcourse	9	golfcourse55.tif	golfcourse/golfcourse55.tif	UCM_20/train/golfcourse/golfcourse55.tif
train	golfcourse	9	golfcourse56.tif	golfcourse/golfcourse56.tif	UCM_20/train/golfcourse/golfcourse56.tif
train	golfcourse	9	golfcourse65.tif	golfcourse/golfcourse65.tif	UCM_20/train/golfcourse/golfcourse65.tif
train	golfcourse	9	golfcourse70.tif	golfcourse/golfcourse70.tif	UCM_20/train/golfcourse/golfcourse70.tif
train	golfcourse	9	golfcourse72.tif	golfcourse/golfcourse72.tif	UCM_20/train/golfcourse/golfcourse72.tif
train	golfcourse	9	golfcourse73.tif	golfcourse/golfcourse73.tif	UCM_20/train/golfcourse/golfcourse73.tif
train	golfcourse	9	golfcourse76.tif	golfcourse/golfcourse76.tif	UCM_20/train/golfcourse/golfcourse76.tif
train	golfcourse	9	golfcourse78.tif	golfcourse/golfcourse78.tif	UCM_20/train/golfcourse/golfcourse78.tif
train	golfcourse	9	golfcourse91.tif	golfcourse/golfcourse91.tif	UCM_20/train/golfcourse/golfcourse91.tif
train	golfcourse	9	golfcourse92.tif	golfcourse/golfcourse92.tif	UCM_20/train/golfcourse/golfcourse92.tif
train	harbor	10	harbor01.tif	harbor/harbor01.tif	UCM_20/train/harbor/harbor01.tif
train	harbor	10	harbor09.tif	harbor/harbor09.tif	UCM_20/train/harbor/harbor09.tif
train	harbor	10	harbor10.tif	harbor/harbor10.tif	UCM_20/train/harbor/harbor10.tif
train	harbor	10	harbor15.tif	harbor/harbor15.tif	UCM_20/train/harbor/harbor15.tif
train	harbor	10	harbor37.tif	harbor/harbor37.tif	UCM_20/train/harbor/harbor37.tif
train	harbor	10	harbor41.tif	harbor/harbor41.tif	UCM_20/train/harbor/harbor41.tif
train	harbor	10	harbor42.tif	harbor/harbor42.tif	UCM_20/train/harbor/harbor42.tif
train	harbor	10	harbor45.tif	harbor/harbor45.tif	UCM_20/train/harbor/harbor45.tif
train	harbor	10	harbor48.tif	harbor/harbor48.tif	UCM_20/train/harbor/harbor48.tif
train	harbor	10	harbor50.tif	harbor/harbor50.tif	UCM_20/train/harbor/harbor50.tif
train	harbor	10	harbor55.tif	harbor/harbor55.tif	UCM_20/train/harbor/harbor55.tif
train	harbor	10	harbor56.tif	harbor/harbor56.tif	UCM_20/train/harbor/harbor56.tif
train	harbor	10	harbor65.tif	harbor/harbor65.tif	UCM_20/train/harbor/harbor65.tif
train	harbor	10	harbor70.tif	harbor/harbor70.tif	UCM_20/train/harbor/harbor70.tif
train	harbor	10	harbor72.tif	harbor/harbor72.tif	UCM_20/train/harbor/harbor72.tif
train	harbor	10	harbor73.tif	harbor/harbor73.tif	UCM_20/train/harbor/harbor73.tif
train	harbor	10	harbor76.tif	harbor/harbor76.tif	UCM_20/train/harbor/harbor76.tif
train	harbor	10	harbor78.tif	harbor/harbor78.tif	UCM_20/train/harbor/harbor78.tif
train	harbor	10	harbor91.tif	harbor/harbor91.tif	UCM_20/train/harbor/harbor91.tif
train	harbor	10	harbor92.tif	harbor/harbor92.tif	UCM_20/train/harbor/harbor92.tif
train	intersection	11	intersection01.tif	intersection/intersection01.tif	UCM_20/train/intersection/intersection01.tif
train	intersection	11	intersection09.tif	intersection/intersection09.tif	UCM_20/train/intersection/intersection09.tif
train	intersection	11	intersection10.tif	intersection/intersection10.tif	UCM_20/train/intersection/intersection10.tif
train	intersection	11	intersection15.tif	intersection/intersection15.tif	UCM_20/train/intersection/intersection15.tif
train	intersection	11	intersection37.tif	intersection/intersection37.tif	UCM_20/train/intersection/intersection37.tif
train	intersection	11	intersection41.tif	intersection/intersection41.tif	UCM_20/train/intersection/intersection41.tif
train	intersection	11	intersection42.tif	intersection/intersection42.tif	UCM_20/train/intersection/intersection42.tif
train	intersection	11	intersection45.tif	intersection/intersection45.tif	UCM_20/train/intersection/intersection45.tif
train	intersection	11	intersection48.tif	intersection/intersection48.tif	UCM_20/train/intersection/intersection48.tif
train	intersection	11	intersection50.tif	intersection/intersection50.tif	UCM_20/train/intersection/intersection50.tif
train	intersection	11	intersection55.tif	intersection/intersection55.tif	UCM_20/train/intersection/intersection55.tif
train	intersection	11	intersection56.tif	intersection/intersection56.tif	UCM_20/train/intersection/intersection56.tif
train	intersection	11	intersection65.tif	intersection/intersection65.tif	UCM_20/train/intersection/intersection65.tif
train	intersection	11	intersection70.tif	intersection/intersection70.tif	UCM_20/train/intersection/intersection70.tif
train	intersection	11	intersection72.tif	intersection/intersection72.tif	UCM_20/train/intersection/intersection72.tif
train	intersection	11	intersection73.tif	intersection/intersection73.tif	UCM_20/train/intersection/intersection73.tif
train	intersection	11	intersection76.tif	intersection/intersection76.tif	UCM_20/train/intersection/intersection76.tif
train	intersection	11	intersection78.tif	intersection/intersection78.tif	UCM_20/train/intersection/intersection78.tif
train	intersection	11	intersection91.tif	intersection/intersection91.tif	UCM_20/train/intersection/intersection91.tif
train	intersection	11	intersection92.tif	intersection/intersection92.tif	UCM_20/train/intersection/intersection92.tif
train	mediumresidential	12	mediumresidential01.tif	mediumresidential/mediumresidential01.tif	UCM_20/train/mediumresidential/mediumresidential01.tif
train	mediumresidential	12	mediumresidential09.tif	mediumresidential/mediumresidential09.tif	UCM_20/train/mediumresidential/mediumresidential09.tif
train	mediumresidential	12	mediumresidential10.tif	mediumresidential/mediumresidential10.tif	UCM_20/train/mediumresidential/mediumresidential10.tif
train	mediumresidential	12	mediumresidential15.tif	mediumresidential/mediumresidential15.tif	UCM_20/train/mediumresidential/mediumresidential15.tif
train	mediumresidential	12	mediumresidential37.tif	mediumresidential/mediumresidential37.tif	UCM_20/train/mediumresidential/mediumresidential37.tif
train	mediumresidential	12	mediumresidential41.tif	mediumresidential/mediumresidential41.tif	UCM_20/train/mediumresidential/mediumresidential41.tif
train	mediumresidential	12	mediumresidential42.tif	mediumresidential/mediumresidential42.tif	UCM_20/train/mediumresidential/mediumresidential42.tif
train	mediumresidential	12	mediumresidential45.tif	mediumresidential/mediumresidential45.tif	UCM_20/train/mediumresidential/mediumresidential45.tif
train	mediumresidential	12	mediumresidential48.tif	mediumresidential/mediumresidential48.tif	UCM_20/train/mediumresidential/mediumresidential48.tif
train	mediumresidential	12	mediumresidential50.tif	mediumresidential/mediumresidential50.tif	UCM_20/train/mediumresidential/mediumresidential50.tif
train	mediumresidential	12	mediumresidential55.tif	mediumresidential/mediumresidential55.tif	UCM_20/train/mediumresidential/mediumresidential55.tif
train	mediumresidential	12	mediumresidential56.tif	mediumresidential/mediumresidential56.tif	UCM_20/train/mediumresidential/mediumresidential56.tif
train	mediumresidential	12	mediumresidential65.tif	mediumresidential/mediumresidential65.tif	UCM_20/train/mediumresidential/mediumresidential65.tif
train	mediumresidential	12	mediumresidential70.tif	mediumresidential/mediumresidential70.tif	UCM_20/train/mediumresidential/mediumresidential70.tif
train	mediumresidential	12	mediumresidential72.tif	mediumresidential/mediumresidential72.tif	UCM_20/train/mediumresidential/mediumresidential72.tif
train	mediumresidential	12	mediumresidential73.tif	mediumresidential/mediumresidential73.tif	UCM_20/train/mediumresidential/mediumresidential73.tif
train	mediumresidential	12	mediumresidential76.tif	mediumresidential/mediumresidential76.tif	UCM_20/train/mediumresidential/mediumresidential76.tif
train	mediumresidential	12	mediumresidential78.tif	mediumresidential/mediumresidential78.tif	UCM_20/train/mediumresidential/mediumresidential78.tif
train	mediumresidential	12	mediumresidential91.tif	mediumresidential/mediumresidential91.tif	UCM_20/train/mediumresidential/mediumresidential91.tif
train	mediumresidential	12	mediumresidential92.tif	mediumresidential/mediumresidential92.tif	UCM_20/train/mediumresidential/mediumresidential92.tif
train	mobilehomepark	13	mobilehomepark01.tif	mobilehomepark/mobilehomepark01.tif	UCM_20/train/mobilehomepark/mobilehomepark01.tif
train	mobilehomepark	13	mobilehomepark09.tif	mobilehomepark/mobilehomepark09.tif	UCM_20/train/mobilehomepark/mobilehomepark09.tif
train	mobilehomepark	13	mobilehomepark10.tif	mobilehomepark/mobilehomepark10.tif	UCM_20/train/mobilehomepark/mobilehomepark10.tif
train	mobilehomepark	13	mobilehomepark15.tif	mobilehomepark/mobilehomepark15.tif	UCM_20/train/mobilehomepark/mobilehomepark15.tif
train	mobilehomepark	13	mobilehomepark37.tif	mobilehomepark/mobilehomepark37.tif	UCM_20/train/mobilehomepark/mobilehomepark37.tif
train	mobilehomepark	13	mobilehomepark41.tif	mobilehomepark/mobilehomepark41.tif	UCM_20/train/mobilehomepark/mobilehomepark41.tif
train	mobilehomepark	13	mobilehomepark42.tif	mobilehomepark/mobilehomepark42.tif	UCM_20/train/mobilehomepark/mobilehomepark42.tif
train	mobilehomepark	13	mobilehomepark45.tif	mobilehomepark/mobilehomepark45.tif	UCM_20/train/mobilehomepark/mobilehomepark45.tif
train	mobilehomepark	13	mobilehomepark48.tif	mobilehomepark/mobilehomepark48.tif	UCM_20/train/mobilehomepark/mobilehomepark48.tif
train	mobilehomepark	13	mobilehomepark50.tif	mobilehomepark/mobilehomepark50.tif	UCM_20/train/mobilehomepark/mobilehomepark50.tif
train	mobilehomepark	13	mobilehomepark55.tif	mobilehomepark/mobilehomepark55.tif	UCM_20/train/mobilehomepark/mobilehomepark55.tif
train	mobilehomepark	13	mobilehomepark56.tif	mobilehomepark/mobilehomepark56.tif	UCM_20/train/mobilehomepark/mobilehomepark56.tif
train	mobilehomepark	13	mobilehomepark65.tif	mobilehomepark/mobilehomepark65.tif	UCM_20/train/mobilehomepark/mobilehomepark65.tif
train	mobilehomepark	13	mobilehomepark70.tif	mobilehomepark/mobilehomepark70.tif	UCM_20/train/mobilehomepark/mobilehomepark70.tif
train	mobilehomepark	13	mobilehomepark72.tif	mobilehomepark/mobilehomepark72.tif	UCM_20/train/mobilehomepark/mobilehomepark72.tif
train	mobilehomepark	13	mobilehomepark73.tif	mobilehomepark/mobilehomepark73.tif	UCM_20/train/mobilehomepark/mobilehomepark73.tif
train	mobilehomepark	13	mobilehomepark76.tif	mobilehomepark/mobilehomepark76.tif	UCM_20/train/mobilehomepark/mobilehomepark76.tif
train	mobilehomepark	13	mobilehomepark78.tif	mobilehomepark/mobilehomepark78.tif	UCM_20/train/mobilehomepark/mobilehomepark78.tif
train	mobilehomepark	13	mobilehomepark91.tif	mobilehomepark/mobilehomepark91.tif	UCM_20/train/mobilehomepark/mobilehomepark91.tif
train	mobilehomepark	13	mobilehomepark92.tif	mobilehomepark/mobilehomepark92.tif	UCM_20/train/mobilehomepark/mobilehomepark92.tif
train	overpass	14	overpass01.tif	overpass/overpass01.tif	UCM_20/train/overpass/overpass01.tif
train	overpass	14	overpass09.tif	overpass/overpass09.tif	UCM_20/train/overpass/overpass09.tif
train	overpass	14	overpass10.tif	overpass/overpass10.tif	UCM_20/train/overpass/overpass10.tif
train	overpass	14	overpass15.tif	overpass/overpass15.tif	UCM_20/train/overpass/overpass15.tif
train	overpass	14	overpass37.tif	overpass/overpass37.tif	UCM_20/train/overpass/overpass37.tif
train	overpass	14	overpass41.tif	overpass/overpass41.tif	UCM_20/train/overpass/overpass41.tif
train	overpass	14	overpass42.tif	overpass/overpass42.tif	UCM_20/train/overpass/overpass42.tif
train	overpass	14	overpass45.tif	overpass/overpass45.tif	UCM_20/train/overpass/overpass45.tif
train	overpass	14	overpass48.tif	overpass/overpass48.tif	UCM_20/train/overpass/overpass48.tif
train	overpass	14	overpass50.tif	overpass/overpass50.tif	UCM_20/train/overpass/overpass50.tif
train	overpass	14	overpass55.tif	overpass/overpass55.tif	UCM_20/train/overpass/overpass55.tif
train	overpass	14	overpass56.tif	overpass/overpass56.tif	UCM_20/train/overpass/overpass56.tif
train	overpass	14	overpass65.tif	overpass/overpass65.tif	UCM_20/train/overpass/overpass65.tif
train	overpass	14	overpass70.tif	overpass/overpass70.tif	UCM_20/train/overpass/overpass70.tif
train	overpass	14	overpass72.tif	overpass/overpass72.tif	UCM_20/train/overpass/overpass72.tif
train	overpass	14	overpass73.tif	overpass/overpass73.tif	UCM_20/train/overpass/overpass73.tif
train	overpass	14	overpass76.tif	overpass/overpass76.tif	UCM_20/train/overpass/overpass76.tif
train	overpass	14	overpass78.tif	overpass/overpass78.tif	UCM_20/train/overpass/overpass78.tif
train	overpass	14	overpass91.tif	overpass/overpass91.tif	UCM_20/train/overpass/overpass91.tif
train	overpass	14	overpass92.tif	overpass/overpass92.tif	UCM_20/train/overpass/overpass92.tif
train	parkinglot	15	parkinglot01.tif	parkinglot/parkinglot01.tif	UCM_20/train/parkinglot/parkinglot01.tif
train	parkinglot	15	parkinglot09.tif	parkinglot/parkinglot09.tif	UCM_20/train/parkinglot/parkinglot09.tif
train	parkinglot	15	parkinglot10.tif	parkinglot/parkinglot10.tif	UCM_20/train/parkinglot/parkinglot10.tif
train	parkinglot	15	parkinglot15.tif	parkinglot/parkinglot15.tif	UCM_20/train/parkinglot/parkinglot15.tif
train	parkinglot	15	parkinglot37.tif	parkinglot/parkinglot37.tif	UCM_20/train/parkinglot/parkinglot37.tif
train	parkinglot	15	parkinglot41.tif	parkinglot/parkinglot41.tif	UCM_20/train/parkinglot/parkinglot41.tif
train	parkinglot	15	parkinglot42.tif	parkinglot/parkinglot42.tif	UCM_20/train/parkinglot/parkinglot42.tif
train	parkinglot	15	parkinglot45.tif	parkinglot/parkinglot45.tif	UCM_20/train/parkinglot/parkinglot45.tif
train	parkinglot	15	parkinglot48.tif	parkinglot/parkinglot48.tif	UCM_20/train/parkinglot/parkinglot48.tif
train	parkinglot	15	parkinglot50.tif	parkinglot/parkinglot50.tif	UCM_20/train/parkinglot/parkinglot50.tif
train	parkinglot	15	parkinglot55.tif	parkinglot/parkinglot55.tif	UCM_20/train/parkinglot/parkinglot55.tif
train	parkinglot	15	parkinglot56.tif	parkinglot/parkinglot56.tif	UCM_20/train/parkinglot/parkinglot56.tif
train	parkinglot	15	parkinglot65.tif	parkinglot/parkinglot65.tif	UCM_20/train/parkinglot/parkinglot65.tif
train	parkinglot	15	parkinglot70.tif	parkinglot/parkinglot70.tif	UCM_20/train/parkinglot/parkinglot70.tif
train	parkinglot	15	parkinglot72.tif	parkinglot/parkinglot72.tif	UCM_20/train/parkinglot/parkinglot72.tif
train	parkinglot	15	parkinglot73.tif	parkinglot/parkinglot73.tif	UCM_20/train/parkinglot/parkinglot73.tif
train	parkinglot	15	parkinglot76.tif	parkinglot/parkinglot76.tif	UCM_20/train/parkinglot/parkinglot76.tif
train	parkinglot	15	parkinglot78.tif	parkinglot/parkinglot78.tif	UCM_20/train/parkinglot/parkinglot78.tif
train	parkinglot	15	parkinglot91.tif	parkinglot/parkinglot91.tif	UCM_20/train/parkinglot/parkinglot91.tif
train	parkinglot	15	parkinglot92.tif	parkinglot/parkinglot92.tif	UCM_20/train/parkinglot/parkinglot92.tif
train	river	16	river01.tif	river/river01.tif	UCM_20/train/river/river01.tif
train	river	16	river09.tif	river/river09.tif	UCM_20/train/river/river09.tif
train	river	16	river10.tif	river/river10.tif	UCM_20/train/river/river10.tif
train	river	16	river15.tif	river/river15.tif	UCM_20/train/river/river15.tif
train	river	16	river37.tif	river/river37.tif	UCM_20/train/river/river37.tif
train	river	16	river41.tif	river/river41.tif	UCM_20/train/river/river41.tif
train	river	16	river42.tif	river/river42.tif	UCM_20/train/river/river42.tif
train	river	16	river45.tif	river/river45.tif	UCM_20/train/river/river45.tif
train	river	16	river48.tif	river/river48.tif	UCM_20/train/river/river48.tif
train	river	16	river50.tif	river/river50.tif	UCM_20/train/river/river50.tif
train	river	16	river55.tif	river/river55.tif	UCM_20/train/river/river55.tif
train	river	16	river56.tif	river/river56.tif	UCM_20/train/river/river56.tif
train	river	16	river65.tif	river/river65.tif	UCM_20/train/river/river65.tif
train	river	16	river70.tif	river/river70.tif	UCM_20/train/river/river70.tif
train	river	16	river72.tif	river/river72.tif	UCM_20/train/river/river72.tif
train	river	16	river73.tif	river/river73.tif	UCM_20/train/river/river73.tif
train	river	16	river76.tif	river/river76.tif	UCM_20/train/river/river76.tif
train	river	16	river78.tif	river/river78.tif	UCM_20/train/river/river78.tif
train	river	16	river91.tif	river/river91.tif	UCM_20/train/river/river91.tif
train	river	16	river92.tif	river/river92.tif	UCM_20/train/river/river92.tif
train	runway	17	runway01.tif	runway/runway01.tif	UCM_20/train/runway/runway01.tif
train	runway	17	runway09.tif	runway/runway09.tif	UCM_20/train/runway/runway09.tif
train	runway	17	runway10.tif	runway/runway10.tif	UCM_20/train/runway/runway10.tif
train	runway	17	runway15.tif	runway/runway15.tif	UCM_20/train/runway/runway15.tif
train	runway	17	runway37.tif	runway/runway37.tif	UCM_20/train/runway/runway37.tif
train	runway	17	runway41.tif	runway/runway41.tif	UCM_20/train/runway/runway41.tif
train	runway	17	runway42.tif	runway/runway42.tif	UCM_20/train/runway/runway42.tif
train	runway	17	runway45.tif	runway/runway45.tif	UCM_20/train/runway/runway45.tif
train	runway	17	runway48.tif	runway/runway48.tif	UCM_20/train/runway/runway48.tif
train	runway	17	runway50.tif	runway/runway50.tif	UCM_20/train/runway/runway50.tif
train	runway	17	runway55.tif	runway/runway55.tif	UCM_20/train/runway/runway55.tif
train	runway	17	runway56.tif	runway/runway56.tif	UCM_20/train/runway/runway56.tif
train	runway	17	runway65.tif	runway/runway65.tif	UCM_20/train/runway/runway65.tif
train	runway	17	runway70.tif	runway/runway70.tif	UCM_20/train/runway/runway70.tif
train	runway	17	runway72.tif	runway/runway72.tif	UCM_20/train/runway/runway72.tif
train	runway	17	runway73.tif	runway/runway73.tif	UCM_20/train/runway/runway73.tif
train	runway	17	runway76.tif	runway/runway76.tif	UCM_20/train/runway/runway76.tif
train	runway	17	runway78.tif	runway/runway78.tif	UCM_20/train/runway/runway78.tif
train	runway	17	runway91.tif	runway/runway91.tif	UCM_20/train/runway/runway91.tif
train	runway	17	runway92.tif	runway/runway92.tif	UCM_20/train/runway/runway92.tif
train	sparseresidential	18	sparseresidential01.tif	sparseresidential/sparseresidential01.tif	UCM_20/train/sparseresidential/sparseresidential01.tif
train	sparseresidential	18	sparseresidential09.tif	sparseresidential/sparseresidential09.tif	UCM_20/train/sparseresidential/sparseresidential09.tif
train	sparseresidential	18	sparseresidential10.tif	sparseresidential/sparseresidential10.tif	UCM_20/train/sparseresidential/sparseresidential10.tif
train	sparseresidential	18	sparseresidential15.tif	sparseresidential/sparseresidential15.tif	UCM_20/train/sparseresidential/sparseresidential15.tif
train	sparseresidential	18	sparseresidential37.tif	sparseresidential/sparseresidential37.tif	UCM_20/train/sparseresidential/sparseresidential37.tif
train	sparseresidential	18	sparseresidential41.tif	sparseresidential/sparseresidential41.tif	UCM_20/train/sparseresidential/sparseresidential41.tif
train	sparseresidential	18	sparseresidential42.tif	sparseresidential/sparseresidential42.tif	UCM_20/train/sparseresidential/sparseresidential42.tif
train	sparseresidential	18	sparseresidential45.tif	sparseresidential/sparseresidential45.tif	UCM_20/train/sparseresidential/sparseresidential45.tif
train	sparseresidential	18	sparseresidential48.tif	sparseresidential/sparseresidential48.tif	UCM_20/train/sparseresidential/sparseresidential48.tif
train	sparseresidential	18	sparseresidential50.tif	sparseresidential/sparseresidential50.tif	UCM_20/train/sparseresidential/sparseresidential50.tif
train	sparseresidential	18	sparseresidential55.tif	sparseresidential/sparseresidential55.tif	UCM_20/train/sparseresidential/sparseresidential55.tif
train	sparseresidential	18	sparseresidential56.tif	sparseresidential/sparseresidential56.tif	UCM_20/train/sparseresidential/sparseresidential56.tif
train	sparseresidential	18	sparseresidential65.tif	sparseresidential/sparseresidential65.tif	UCM_20/train/sparseresidential/sparseresidential65.tif
train	sparseresidential	18	sparseresidential70.tif	sparseresidential/sparseresidential70.tif	UCM_20/train/sparseresidential/sparseresidential70.tif
train	sparseresidential	18	sparseresidential72.tif	sparseresidential/sparseresidential72.tif	UCM_20/train/sparseresidential/sparseresidential72.tif
train	sparseresidential	18	sparseresidential73.tif	sparseresidential/sparseresidential73.tif	UCM_20/train/sparseresidential/sparseresidential73.tif
train	sparseresidential	18	sparseresidential76.tif	sparseresidential/sparseresidential76.tif	UCM_20/train/sparseresidential/sparseresidential76.tif
train	sparseresidential	18	sparseresidential78.tif	sparseresidential/sparseresidential78.tif	UCM_20/train/sparseresidential/sparseresidential78.tif
train	sparseresidential	18	sparseresidential91.tif	sparseresidential/sparseresidential91.tif	UCM_20/train/sparseresidential/sparseresidential91.tif
train	sparseresidential	18	sparseresidential92.tif	sparseresidential/sparseresidential92.tif	UCM_20/train/sparseresidential/sparseresidential92.tif
train	storagetanks	19	storagetanks01.tif	storagetanks/storagetanks01.tif	UCM_20/train/storagetanks/storagetanks01.tif
train	storagetanks	19	storagetanks09.tif	storagetanks/storagetanks09.tif	UCM_20/train/storagetanks/storagetanks09.tif
train	storagetanks	19	storagetanks10.tif	storagetanks/storagetanks10.tif	UCM_20/train/storagetanks/storagetanks10.tif
train	storagetanks	19	storagetanks15.tif	storagetanks/storagetanks15.tif	UCM_20/train/storagetanks/storagetanks15.tif
train	storagetanks	19	storagetanks37.tif	storagetanks/storagetanks37.tif	UCM_20/train/storagetanks/storagetanks37.tif
train	storagetanks	19	storagetanks41.tif	storagetanks/storagetanks41.tif	UCM_20/train/storagetanks/storagetanks41.tif
train	storagetanks	19	storagetanks42.tif	storagetanks/storagetanks42.tif	UCM_20/train/storagetanks/storagetanks42.tif
train	storagetanks	19	storagetanks45.tif	storagetanks/storagetanks45.tif	UCM_20/train/storagetanks/storagetanks45.tif
train	storagetanks	19	storagetanks48.tif	storagetanks/storagetanks48.tif	UCM_20/train/storagetanks/storagetanks48.tif
train	storagetanks	19	storagetanks50.tif	storagetanks/storagetanks50.tif	UCM_20/train/storagetanks/storagetanks50.tif
train	storagetanks	19	storagetanks55.tif	storagetanks/storagetanks55.tif	UCM_20/train/storagetanks/storagetanks55.tif
train	storagetanks	19	storagetanks56.tif	storagetanks/storagetanks56.tif	UCM_20/train/storagetanks/storagetanks56.tif
train	storagetanks	19	storagetanks65.tif	storagetanks/storagetanks65.tif	UCM_20/train/storagetanks/storagetanks65.tif
train	storagetanks	19	storagetanks70.tif	storagetanks/storagetanks70.tif	UCM_20/train/storagetanks/storagetanks70.tif
train	storagetanks	19	storagetanks72.tif	storagetanks/storagetanks72.tif	UCM_20/train/storagetanks/storagetanks72.tif
train	storagetanks	19	storagetanks73.tif	storagetanks/storagetanks73.tif	UCM_20/train/storagetanks/storagetanks73.tif
train	storagetanks	19	storagetanks76.tif	storagetanks/storagetanks76.tif	UCM_20/train/storagetanks/storagetanks76.tif
train	storagetanks	19	storagetanks78.tif	storagetanks/storagetanks78.tif	UCM_20/train/storagetanks/storagetanks78.tif
train	storagetanks	19	storagetanks91.tif	storagetanks/storagetanks91.tif	UCM_20/train/storagetanks/storagetanks91.tif
train	storagetanks	19	storagetanks92.tif	storagetanks/storagetanks92.tif	UCM_20/train/storagetanks/storagetanks92.tif
train	tenniscourt	20	tenniscourt01.tif	tenniscourt/tenniscourt01.tif	UCM_20/train/tenniscourt/tenniscourt01.tif
train	tenniscourt	20	tenniscourt09.tif	tenniscourt/tenniscourt09.tif	UCM_20/train/tenniscourt/tenniscourt09.tif
train	tenniscourt	20	tenniscourt10.tif	tenniscourt/tenniscourt10.tif	UCM_20/train/tenniscourt/tenniscourt10.tif
train	tenniscourt	20	tenniscourt15.tif	tenniscourt/tenniscourt15.tif	UCM_20/train/tenniscourt/tenniscourt15.tif
train	tenniscourt	20	tenniscourt37.tif	tenniscourt/tenniscourt37.tif	UCM_20/train/tenniscourt/tenniscourt37.tif
train	tenniscourt	20	tenniscourt41.tif	tenniscourt/tenniscourt41.tif	UCM_20/train/tenniscourt/tenniscourt41.tif
train	tenniscourt	20	tenniscourt42.tif	tenniscourt/tenniscourt42.tif	UCM_20/train/tenniscourt/tenniscourt42.tif
train	tenniscourt	20	tenniscourt45.tif	tenniscourt/tenniscourt45.tif	UCM_20/train/tenniscourt/tenniscourt45.tif
train	tenniscourt	20	tenniscourt48.tif	tenniscourt/tenniscourt48.tif	UCM_20/train/tenniscourt/tenniscourt48.tif
train	tenniscourt	20	tenniscourt50.tif	tenniscourt/tenniscourt50.tif	UCM_20/train/tenniscourt/tenniscourt50.tif
train	tenniscourt	20	tenniscourt55.tif	tenniscourt/tenniscourt55.tif	UCM_20/train/tenniscourt/tenniscourt55.tif
train	tenniscourt	20	tenniscourt56.tif	tenniscourt/tenniscourt56.tif	UCM_20/train/tenniscourt/tenniscourt56.tif
train	tenniscourt	20	tenniscourt65.tif	tenniscourt/tenniscourt65.tif	UCM_20/train/tenniscourt/tenniscourt65.tif
train	tenniscourt	20	tenniscourt70.tif	tenniscourt/tenniscourt70.tif	UCM_20/train/tenniscourt/tenniscourt70.tif
train	tenniscourt	20	tenniscourt72.tif	tenniscourt/tenniscourt72.tif	UCM_20/train/tenniscourt/tenniscourt72.tif
train	tenniscourt	20	tenniscourt73.tif	tenniscourt/tenniscourt73.tif	UCM_20/train/tenniscourt/tenniscourt73.tif
train	tenniscourt	20	tenniscourt76.tif	tenniscourt/tenniscourt76.tif	UCM_20/train/tenniscourt/tenniscourt76.tif
train	tenniscourt	20	tenniscourt78.tif	tenniscourt/tenniscourt78.tif	UCM_20/train/tenniscourt/tenniscourt78.tif
train	tenniscourt	20	tenniscourt91.tif	tenniscourt/tenniscourt91.tif	UCM_20/train/tenniscourt/tenniscourt91.tif
train	tenniscourt	20	tenniscourt92.tif	tenniscourt/tenniscourt92.tif	UCM_20/train/tenniscourt/tenniscourt92.tif
